{
  "author": "Mojo",
  "about": "Clean, Versatible Shopify Theme",
  "logo": "https:\/\/cdn.ecomposer.app\/theme-logo\/kalles\/kalles.svg",
  "logo_white": "https:\/\/cdn.ecomposer.app\/theme-logo\/kalles\/kalles-white.svg",
  "icon": "https:\/\/cdn.ecomposer.app\/theme-logo\/kalles\/kalles-icon.jpg",
  "icon_white": "https:\/\/cdn.ecomposer.app\/theme-logo\/kalles\/kalles-icon-white.jpg",
  "website": "https:\/\/siardigital.com/",
  "description": "Mojo Jojo is the best selling Shopify theme.",
  "dev": false,
  "library": {
    "categories": [
      {
        "id": "home",
        "title": "Home Page"
      },
      {
        "id": "product",
        "title": "Product Page"
      }
    ],
    "pages": [
      {
        "title": "Home Default",
        "thumbnail": "https:\/\/cdn.shopify.com\/s\/files\/1\/0647\/1653\/8093\/files\/home-default.jpg?v=1654867789",
        "source": "https://cdn.shopify.com/s/files/1/0647/1653/8093/files/Home_Default_1_f16d4725-2177-47c1-b354-c749954aa8fc.ecom?v=1655874443",
        "categories": [
          "home"
        ]
      },
      {
        "title": "Product Default",
        "thumbnail": "https:\/\/cdn.shopify.com\/s\/files\/1\/0647\/1653\/8093\/files\/screencapture-kalles-ecomposer-myshopify-products-blush-beanie-2022-06-21-10_58_25.jpg?v=1655784047",
        "source": "https:\/\/cdn.shopify.com\/s\/files\/1\/0647\/1653\/8093\/files\/Kalles_Product_Layout_1.ecom?v=1655784047",
        "categories": [
          "product"
        ]
      },
      {
        "title": "Product Layout 2",
        "thumbnail": "https:\/\/cdn.shopify.com\/s\/files\/1\/0647\/1653\/8093\/files\/product-2.jpg?v=1655799858",
        "source": "https:\/\/cdn.shopify.com\/s\/files\/1\/0647\/1653\/8093\/files\/Kalles_Product_Layout_2.ecom?v=1655792249",
        "categories": [
          "product"
        ]
      },
      {
        "title": "Product Layout 3",
        "thumbnail": "https:\/\/cdn.shopify.com\/s\/files\/1\/0647\/1653\/8093\/files\/product-3.jpg?v=1655802827",
        "source": "https:\/\/cdn.shopify.com\/s\/files\/1\/0647\/1653\/8093\/files\/Kalles_Product_Layout_3.ecom?v=1655802828",
        "categories": [
          "product"
        ]
      },
      {
        "title": "Home Drone",
        "thumbnail": "https:\/\/cdn.shopify.com\/s\/files\/1\/0647\/1653\/8093\/files\/drone.jpg?v=1655522330",
        "source": "https://cdn.shopify.com/s/files/1/0647/1653/8093/files/Home_Drone_095287f3-c93b-42e5-87c0-071b9f3671e0.ecom?v=1655874443",
        "categories": [
          "home"
        ]
      },
      {
        "title": "Home Classic",
        "thumbnail": "https:\/\/cdn.shopify.com\/s\/files\/1\/0647\/1653\/8093\/files\/home-classic.jpg?v=1654867789",
        "source": "https://cdn.shopify.com/s/files/1/0647/1653/8093/files/Home_Classic_1_debdd49b-30bf-4bbc-bdd0-84be9337767b.ecom?v=1655874443",
        "categories": [
          "home"
        ]
      },
      {
        "title": "Home Categories",
        "thumbnail": "https:\/\/cdn.shopify.com\/s\/files\/1\/0647\/1653\/8093\/files\/home-category.jpg?v=1654867789",
        "source": "https://cdn.shopify.com/s/files/1/0647/1653/8093/files/Home_categories_1_d25ed455-882f-4cc1-8f6e-da5a8db28252.ecom?v=1655874443",
        "categories": [
          "home"
        ]
      },
      {
        "title": "Home Static Image",
        "thumbnail": "https:\/\/cdn.shopify.com\/s\/files\/1\/0647\/1653\/8093\/files\/home-static-image.jpg?v=1654867789",
        "source": "https://cdn.shopify.com/s/files/1/0647/1653/8093/files/Home_static_image_1_919a1124-4560-4b33-babd-7c4daa5831c2.ecom?v=1655874443",
        "categories": [
          "home"
        ]
      },
      {
        "title": "Home Lookbook",
        "thumbnail": "https:\/\/cdn.shopify.com\/s\/files\/1\/0647\/1653\/8093\/files\/home-lookbook.jpg?v=1654867789",
        "source": "https://cdn.shopify.com/s/files/1/0647/1653/8093/files/Home_Look_Book_1_324a83a5-c51e-44de-ab28-6201de2e9f31.ecom?v=1655874443",
        "categories": [
          "home"
        ]
      },
      {
        "title": "Home Video",
        "thumbnail": "https:\/\/cdn.shopify.com\/s\/files\/1\/0647\/1653\/8093\/files\/home-video.jpg?v=1654867789",
        "source": "https://cdn.shopify.com/s/files/1/0647/1653/8093/files/Home_video_1_4c3b619d-4cec-4b86-beb7-fb88f0fe1560.ecom?v=1655874443",
        "categories": [
          "home"
        ]
      },
      {
        "title": "Home New Fashion",
        "thumbnail": "https:\/\/cdn.shopify.com\/s\/files\/1\/0647\/1653\/8093\/files\/new-fashion.jpg?v=1654867789",
        "source": "https://cdn.shopify.com/s/files/1/0647/1653/8093/files/Home_New_Fashion_1_24b4ee71-3269-4328-9fee-02fa040a7d2e.ecom?v=1655874443",
        "categories": [
          "home"
        ]
      },
      {
        "title": "Home Baby Store",
        "thumbnail": "https:\/\/cdn.shopify.com\/s\/files\/1\/0647\/1653\/8093\/files\/home-baby.jpg?v=1654867789",
        "source": "https://cdn.shopify.com/s/files/1/0647/1653/8093/files/Baby_home_b00493dc-c23c-46cb-8bee-055ae28074af.ecom?v=1655874443",
        "categories": [
          "home"
        ]
      },
      {
        "title": "Home Furniture",
        "thumbnail": "https:\/\/cdn.shopify.com\/s\/files\/1\/0647\/1653\/8093\/files\/home-furniture.jpg?v=1654867789",
        "source": "https://cdn.shopify.com/s/files/1/0647/1653/8093/files/Home_furniture_1_147437e4-4349-4a63-9b49-416e2d699399.ecom?v=1655874443",
        "categories": [
          "home"
        ]
      },
 {
        "title": "Home New Furniture",
        "thumbnail": "https://cdn.shopify.com/s/files/1/0647/1653/8093/files/new-furniture.jpg?v=1670979247",
        "source": "https://cdn.shopify.com/s/files/1/0647/1653/8093/files/kalles-new-furniture.ecom?v=1670979148",
        "categories": [
          "home"
        ]
      },

      {
        "title": "Home Parallax",
        "thumbnail": "https:\/\/cdn.shopify.com\/s\/files\/1\/0647\/1653\/8093\/files\/parallax.jpg?v=1655348443",
        "source": "https://cdn.shopify.com/s/files/1/0647/1653/8093/files/Home_Parallax_1_ad03c438-59fb-4e3c-97c4-45265d0e9985.ecom?v=1655874443",
        "categories": [
          "home"
        ]
      },
      {
        "title": "Home Decor",
        "thumbnail": "https:\/\/cdn.shopify.com\/s\/files\/1\/0647\/1653\/8093\/files\/kalles-furniture_1.jpg?v=1655348443",
        "source": "https://cdn.shopify.com/s/files/1/0647/1653/8093/files/Home_decor_9d27584a-cb5f-4b0d-b57a-3ff33191276a.ecom?v=1655874443",
        "categories": [
          "home"
        ]
      },
     {
            "title": "Home Tools",
            "thumbnail": "https://cdn.shopify.com/s/files/1/0647/1653/8093/files/Home_Tools.png?v=1656473327",
            "source": "https://cdn.shopify.com/s/files/1/0647/1653/8093/files/Home_Tools.ecom?v=1656473327",
            "categories": [
              "home"
            ]
      },
       {
        "title": "Home Fashion 9",
        "thumbnail": "https://cdn.shopify.com/s/files/1/0647/1653/8093/files/Home_Fashion_9.png?v=1656472245",
        "source": "https://cdn.shopify.com/s/files/1/0647/1653/8093/files/Home_Fashion_9.ecom?v=1656472259",
        "categories": [
          "home"
        ]
      },
       {
        "title": "Home Fashion Vertical",
        "thumbnail": "https://cdn.shopify.com/s/files/1/0647/1653/8093/files/Home_Fashion_Vertical.png?v=1656472259",
        "source": "https://cdn.shopify.com/s/files/1/0647/1653/8093/files/Home_Fashion_Vertical.ecom?v=1656472245",
        "categories": [
          "home"
        ]
      },
         {
        "title": "Home Skincare",
        "thumbnail": "https://cdn.shopify.com/s/files/1/0647/1653/8093/files/Home_Skincare.png?v=1656472245",
        "source": "https://cdn.shopify.com/s/files/1/0647/1653/8093/files/Home_Skincare.ecom?v=1656472245",
        "categories": [
          "home"
        ]
      },
       {
        "title": "Home POD",
        "thumbnail": "https://cdn.shopify.com/s/files/1/0647/1653/8093/files/Home_POD.png?v=1656472245",
        "source": "https://cdn.shopify.com/s/files/1/0647/1653/8093/files/Home_POD.ecom?v=1656472245",
        "categories": [
          "home"
        ]
      },
       {
        "title": "Home Look Book Collection ",
        "thumbnail": "https://cdn.shopify.com/s/files/1/0647/1653/8093/files/Home_Look_Book_Collection.png?v=1656688238",
        "source": "https://cdn.shopify.com/s/files/1/0647/1653/8093/files/Home_Look_Book_Collection.ecom?v=1656687737",
        "categories": [
          "home"
        ]
      },
        {
        "title": "Home Bags",
        "thumbnail": "https://cdn.shopify.com/s/files/1/0647/1653/8093/files/Home_Bags.png?v=1656688238",
        "source": "https://cdn.shopify.com/s/files/1/0647/1653/8093/files/Home_Bags_aec78125-9843-498c-9c49-19b91779c9ea.ecom?v=1656688237",
        "categories": [
          "home"
        ]
      },
        {
        "title": "Home Glasses",
        "thumbnail": "https://cdn.shopify.com/s/files/1/0647/1653/8093/files/Home_Glasses.png?v=1656688238",
        "source": "https://cdn.shopify.com/s/files/1/0647/1653/8093/files/Home_Glasses.ecom?v=1656687737",
        "categories": [
          "home"
        ]
      },
        {
        "title": "Home Fashion Trend",
        "thumbnail": "https://cdn.shopify.com/s/files/1/0647/1653/8093/files/Home_Fashion_Trend.png?v=1656688238",
        "source": "https://cdn.shopify.com/s/files/1/0647/1653/8093/files/Home_Fashion_Trend.ecom?v=1656687737",
        "categories": [
          "home"
        ]
      },
        {
        "title": "Home Fashion 10",
        "thumbnail": "https://cdn.shopify.com/s/files/1/0647/1653/8093/files/Home_Fashion_10.png?v=1656688238",
        "source": "https://cdn.shopify.com/s/files/1/0647/1653/8093/files/Home_Fashion_10.ecom?v=1656687737",
        "categories": [
          "home"
        ]
      },
        {
        "title": "Home Fashion 11",
        "thumbnail": "https://cdn.shopify.com/s/files/1/0647/1653/8093/files/Home_Fashion_11.png?v=1656688238",
        "source": "https://cdn.shopify.com/s/files/1/0647/1653/8093/files/Home_Fashion_11.ecom?v=1656687737",
        "categories": [
          "home"
        ]
      }
    ]
  },
  "elements": {
    "kallesProductGrid": {
      "types": [
        "home",
        "product",
        "page",
        "section",
        "quickview"
      ],
      "name": "kallesProductGrid",
      "title": "Kalles Product Grid",
      "file": "https:\/\/cdn.ecomposer.app\/kalles-elements\/product-grid.ecom.html",
      "icon": "<svg xmlns=\"http:\/\/www.w3.org\/2000\/svg\" viewBox=\"0 0 448 512\"><path d=\"M88 32C110.1 32 128 49.91 128 72V120C128 142.1 110.1 160 88 160H40C17.91 160 0 142.1 0 120V72C0 49.91 17.91 32 40 32H88zM88 64H40C35.58 64 32 67.58 32 72V120C32 124.4 35.58 128 40 128H88C92.42 128 96 124.4 96 120V72C96 67.58 92.42 64 88 64zM88 192C110.1 192 128 209.9 128 232V280C128 302.1 110.1 320 88 320H40C17.91 320 0 302.1 0 280V232C0 209.9 17.91 192 40 192H88zM88 224H40C35.58 224 32 227.6 32 232V280C32 284.4 35.58 288 40 288H88C92.42 288 96 284.4 96 280V232C96 227.6 92.42 224 88 224zM0 392C0 369.9 17.91 352 40 352H88C110.1 352 128 369.9 128 392V440C128 462.1 110.1 480 88 480H40C17.91 480 0 462.1 0 440V392zM32 392V440C32 444.4 35.58 448 40 448H88C92.42 448 96 444.4 96 440V392C96 387.6 92.42 384 88 384H40C35.58 384 32 387.6 32 392zM248 32C270.1 32 288 49.91 288 72V120C288 142.1 270.1 160 248 160H200C177.9 160 160 142.1 160 120V72C160 49.91 177.9 32 200 32H248zM248 64H200C195.6 64 192 67.58 192 72V120C192 124.4 195.6 128 200 128H248C252.4 128 256 124.4 256 120V72C256 67.58 252.4 64 248 64zM160 232C160 209.9 177.9 192 200 192H248C270.1 192 288 209.9 288 232V280C288 302.1 270.1 320 248 320H200C177.9 320 160 302.1 160 280V232zM192 232V280C192 284.4 195.6 288 200 288H248C252.4 288 256 284.4 256 280V232C256 227.6 252.4 224 248 224H200C195.6 224 192 227.6 192 232zM248 352C270.1 352 288 369.9 288 392V440C288 462.1 270.1 480 248 480H200C177.9 480 160 462.1 160 440V392C160 369.9 177.9 352 200 352H248zM248 384H200C195.6 384 192 387.6 192 392V440C192 444.4 195.6 448 200 448H248C252.4 448 256 444.4 256 440V392C256 387.6 252.4 384 248 384zM320 72C320 49.91 337.9 32 360 32H408C430.1 32 448 49.91 448 72V120C448 142.1 430.1 160 408 160H360C337.9 160 320 142.1 320 120V72zM352 72V120C352 124.4 355.6 128 360 128H408C412.4 128 416 124.4 416 120V72C416 67.58 412.4 64 408 64H360C355.6 64 352 67.58 352 72zM408 192C430.1 192 448 209.9 448 232V280C448 302.1 430.1 320 408 320H360C337.9 320 320 302.1 320 280V232C320 209.9 337.9 192 360 192H408zM408 224H360C355.6 224 352 227.6 352 232V280C352 284.4 355.6 288 360 288H408C412.4 288 416 284.4 416 280V232C416 227.6 412.4 224 408 224zM320 392C320 369.9 337.9 352 360 352H408C430.1 352 448 369.9 448 392V440C448 462.1 430.1 480 408 480H360C337.9 480 320 462.1 320 440V392zM352 392V440C352 444.4 355.6 448 360 448H408C412.4 448 416 444.4 416 440V392C416 387.6 412.4 384 408 384H360C355.6 384 352 387.6 352 392z\"\/><\/svg>",
      "category": [
        "theme"
      ],
      "data": {
        "title": "Kalles Products Grid",
        "template": "featured",
        "settings": {
        }
      }
    },
    "kallesProductRelated": {
      "types": [
        "home",
        "product",
        "page",
        "section",
        "quickview"
      ],
      "name": "kallesProductRelated",
      "title": "Kalles Product Related",
      "file": "https:\/\/cdn.ecomposer.app\/kalles-elements\/product-grid.ecom.html",
      "icon": "<svg xmlns=\"http:\/\/www.w3.org\/2000\/svg\" viewBox=\"0 0 512 512\"><path d=\"M80 136C80 122.7 90.75 112 104 112C117.3 112 128 122.7 128 136C128 149.3 117.3 160 104 160C90.75 160 80 149.3 80 136zM204.1 32C216.8 32 229.1 37.06 238.1 46.06L410.7 218.7C435.7 243.7 435.7 284.3 410.7 309.3L277.3 442.7C252.3 467.7 211.7 467.7 186.7 442.7L14.06 270.1C5.057 261.1 0 248.8 0 236.1V80C0 53.49 21.49 32 48 32H204.1zM36.69 247.4L209.4 420.1C221.9 432.6 242.1 432.6 254.6 420.1L388.1 286.6C400.6 274.1 400.6 253.9 388.1 241.4L215.4 68.69C212.4 65.69 208.4 64 204.1 64H48C39.16 64 32 71.16 32 80V236.1C32 240.4 33.69 244.4 36.69 247.4V247.4zM308.4 36.95C314.5 30.56 324.7 30.33 331.1 36.43L472.4 171.5C525.1 221.9 525.1 306.1 472.4 356.5L347.8 475.6C341.4 481.7 331.3 481.4 325.2 475.1C319.1 468.7 319.3 458.5 325.7 452.4L450.3 333.4C489.8 295.6 489.8 232.4 450.3 194.6L308.9 59.57C302.6 53.46 302.3 43.34 308.4 36.95V36.95z\"\/><\/svg>",
      "category": [
        "theme"
      ],
      "data": {
        "title": "Kalles Product Related",
        "template": "product",
        "settings": {
        }
      }
    },
    "kallesheading": {
      "types": [
        "home",
        "product",
        "page",
        "section"
      ],
      "name": "kallesheading",
      "title": "Kalles Heading",
      "file": "https:\/\/cdn.ecomposer.app\/kalles-elements\/heading.ecom.html",
      "icon": "<svg xmlns=\"http:\/\/www.w3.org\/2000\/svg\" viewBox=\"0 0 384 512\"><path d=\"M384 48v416c0 8.844-7.156 16-16 16S352 472.8 352 464V256H32v208C32 472.8 24.84 480 16 480S0 472.8 0 464v-416C0 39.16 7.156 32 16 32S32 39.16 32 48V224h320V48C352 39.16 359.2 32 368 32S384 39.16 384 48z\"\/><\/svg>",
      "category": [
        "theme"
      ],
      "data": {
        "title": "Kalles Heading",
        "settings": {
        }
      }
    },
    "kallesWishlist": {
      "types": [
        "home",
        "product",
        "page",
        "section"
      ],
      "name": "kallesWishlist",
      "title": "Kalles Wishlist",
      "file": "https:\/\/cdn.ecomposer.app\/kalles-elements\/wishlist.ecom.html",
      "icon": "<svg xmlns=\"http:\/\/www.w3.org\/2000\/svg\" viewBox=\"0 0 512 512\"><path d=\"M255.1 96L267.1 84.02C300.6 51.37 347 36.51 392.6 44.1C461.5 55.58 512 115.2 512 185.1V190.9C512 232.4 494.8 272.1 464.4 300.4L283.7 469.1C276.2 476.1 266.3 480 256 480C245.7 480 235.8 476.1 228.3 469.1L47.59 300.4C17.23 272.1 0 232.4 0 190.9V185.1C0 115.2 50.52 55.58 119.4 44.1C164.1 36.51 211.4 51.37 244 84.02L255.1 96zM255.1 141.3L221.4 106.6C196.1 81.31 160 69.77 124.7 75.66C71.21 84.58 31.1 130.9 31.1 185.1V190.9C31.1 223.6 45.55 254.7 69.42 277L250.1 445.7C251.7 447.2 253.8 448 255.1 448C258.2 448 260.3 447.2 261.9 445.7L442.6 277C466.4 254.7 480 223.6 480 190.9V185.1C480 130.9 440.8 84.58 387.3 75.66C351.1 69.77 315.9 81.31 290.6 106.6L255.1 141.3z\"\/><\/svg>",
      "category": [
        "theme"
      ],
      "data": {
        "title": "Kalles Wishlist",
        "settings": {
        }
      }
    },
    "kallesCompare": {
      "types": [
        "home",
        "product",
        "page",
        "section"
      ],
      "name": "kallesCompare",
      "title": "Kalles Compare",
      "file": "https:\/\/cdn.ecomposer.app\/kalles-elements\/compare.ecom.html",
      "icon": "<svg xmlns=\"http:\/\/www.w3.org\/2000\/svg\" viewBox=\"0 0 512 512\"><path d=\"M464 32C455.2 32 448 39.16 448 48v129.3C416.2 99.72 340.6 48 256 48c-102 0-188.3 72.91-205.1 173.3C49.42 230.1 55.3 238.3 64.02 239.8C64.91 239.9 65.8 240 66.67 240c7.672 0 14.45-5.531 15.77-13.34C96.69 141.7 169.7 80 256 80c72.49 0 137.3 44.88 163.6 112H304C295.2 192 288 199.2 288 208S295.2 224 304 224h160C472.8 224 480 216.8 480 208v-160C480 39.16 472.8 32 464 32zM447.1 272.2c-8.766-1.562-16.97 4.406-18.42 13.12C415.3 370.3 342.3 432 255.1 432c-72.49 0-137.3-44.88-163.6-112H208C216.8 320 224 312.8 224 304S216.8 288 208 288h-160C39.16 288 32 295.2 32 304v160C32 472.8 39.16 480 48 480S64 472.8 64 464v-129.3C95.84 412.3 171.4 464 256 464c101.1 0 188.3-72.91 205.1-173.3C462.6 281.9 456.7 273.7 447.1 272.2z\"\/><\/svg>",
      "category": [
        "theme"
      ],
      "data": {
        "title": "Kalles Compare",
        "settings": {
        }
      }
    }
  }
}