{"sections":{"top":{"type":"top-collections","disabled":true,"settings":{"show_top_collections":true,"source":"1","menu":"main-menu","sort_collections":"alphabetical_reversed","box_border":"top","content_align":"center","hidden_mobile":false,"space_item":30,"fontf":"inherit","text_cl":"#222222","text_cl_hover":"#005b69","text_fs":14,"text_lh":45,"text_fw":400,"text_ls":0,"font_italic":false,"nav_btn":true,"layout":"sr4-container-fluid","cl_bg":"","cl_bg_gradient":"","mg":"","pd":"","mg_tb":"","pd_tb":"","mg_mb":"","pd_mb":""}},"heading_template":{"type":"heading-template","blocks":{"a61b5459-0dd8-4796-a9c8-e3f1ee42dfb9":{"type":"1","settings":{"heading":"Page Heading","fontf":"1","text_cl":"#000000","text_fs":34,"text_lh":0,"text_fw":400,"text_ls":0,"font_italic":false,"font_uppercase":true,"text_shadow":false,"text_mgb":30,"hidden_mobile":false,"text_fs_mb":24,"text_lh_mb":0,"text_ls_mb":0,"text_mgb_mobile":18}},"4_z8Fi9X":{"type":"4","disabled":true,"settings":{"design_des":"show_all","length":10,"view_more":false,"viewm_txt":"View more","fontf":"2","text_cl":"#2b2b2b","text_fs":14,"text_lh":28,"text_fw":400,"text_ls":0,"font_italic":false,"font_uppercase":false,"text_shadow":false,"text_mgb":0,"hidden_mobile":false,"text_fs_mb":13,"text_lh_mb":21,"text_ls_mb":0,"text_mgb_mobile":0}}},"block_order":["a61b5459-0dd8-4796-a9c8-e3f1ee42dfb9","4_z8Fi9X"],"settings":{"use_specify_image":false,"parallax":false,"color":"rgba(0,0,0,0)","overlay":56,"padding":35,"paddingmb":30,"mg_b":0,"mg_bmb":0,"content_align":"sr4-text-center","bg_pos":"left center","bg_repeat":"inherit","bg_size":"cover","use_cus_css":true,"code_cus_css":"h1#b_a61b5459-0dd8-4796-a9c8-e3f1ee42dfb9{\nposition: relative;\n    padding-bottom: var(--text-mgb);\n}\nh1#b_a61b5459-0dd8-4796-a9c8-e3f1ee42dfb9:after {\n    content: '';\n    width: 100%;\n    max-width: 439px;\n    height: 0.5px;\n    display: block;\n    background: #717171;\n    bottom: 0;\n    position: absolute;\n    left: 50%;\n    transform: translateX(-50%);\n}\n.desc-head {\n    max-width: 650px !important;\n}\n.page-head.sr4-pr.sr4-oh.page_bg_img.sr4-text-center {\n    padding-bottom: 15px;\n}"}},"sidebar":{"type":"sidebar-collection","blocks":{"filter_TVVNUf":{"type":"filter","settings":{}}},"block_order":["filter_TVVNUf"],"settings":{"enable_drawer":false,"space":50,"size":"medium","br_style":"none","brcolor":"#222222","sidebar_bdr":0,"sidebar_pd":15}},"main":{"type":"main-collection","blocks":{"filter_id":{"type":"filter","disabled":true,"settings":{"style_filters":"sidebar"}},"740319a4-8e19-4c70-b8a9-ada7cf235cbc":{"type":"layout","disabled":true,"settings":{}},"30594d23-d644-4653-9545-9ff769d2e6ab":{"type":"sortby","settings":{}}},"block_order":["filter_id","740319a4-8e19-4c70-b8a9-ada7cf235cbc","30594d23-d644-4653-9545-9ff769d2e6ab"],"settings":{"show_desc":false,"position_desc":"2","product_des":"2","show_vendor":false,"use_cdt":false,"image_ratio":"ratio2_3","image_size":"cover","image_position":"8","content_align":"default","limit":50,"enable_listing":false,"enable_listing_default":false,"col_dk":"4","col_tb":"3","col_mb":"2","space_h_item":"8","space_v_item":"20","space_h_item_mb":"8","space_v_item_mb":"15","layout_des":"1","use_pagination":"infinite","enable_bar_lm":true,"btn_icon":false,"button_style":"outline","btns_size":"large","btns_cl":"primary","button_effect":"sweep-to-right","btn_pos":"sr4-text-center","type_filters":"facets","layout":"sr4-container-wrap","cl_bg":"","cl_bg_gradient":"","mg":",,90px,","pd":"","mg_tb":"","pd_tb":"","mg_mb":",,30px,","pd_mb":""}}},"order":["top","heading_template","sidebar","main"]}