{"sections":{"featured_collection_JUfWYa":{"type":"featured-collection","settings":{"design_heading":"1","heading_align":"sr4-text-center","top_heading":"New Arrivals","top_subheading":"","tophead_mb":30,"collection":"","product_des":"1","show_vendor":false,"use_cdt":false,"image_ratio":"rationt","image_size":"cover","image_position":"8","content_align":"default","limit":8,"col_dk":"4","col_tb":"2","col_mb":"2","space_h_item":"30","space_v_item":"30","space_h_item_mb":"10","space_v_item_mb":"10","layout_des":"2","loop":true,"au_time":0,"au_hover":true,"nav_btn":false,"btns_pos":"default","btn_vi":"hover","btn_owl":"default","btn_shape":"none","btn_cl":"dark","btn_size":"small","btn_hidden_mobile":true,"nav_dot":false,"dot_owl":"default","dots_cl":"dark","dots_round":true,"dots_space":10,"dots_hidden_mobile":false,"use_pagination":"none","enable_bar_lm":true,"btn_icon":false,"button_style":"default","btns_size":"large","btns_cl":"dark","button_effect":"default","btn_pos":"sr4-text-center","layout":"sr4-container-wrap","cl_bg":"","cl_bg_gradient":"","mg":",,50px,","pd":"","mg_tb":"","pd_tb":"","mg_mb":",,30px,","pd_mb":"","promotion_enable":true,"promotion_text":"Our Favourite Products For You","button_text":"Button label","button_link":"","target_link":"_self","fontf":"inherit","button_icon_w":0,"button_style1":"default","button_effect1":"default","pri_cl":"#222","second_cl":"#fff","pri_cl_hover":"#005b69","second_cl_hover":"#fff","fsbutton":14,"fwbutton":400,"button_ls":0,"button_mh":42,"button_bdr":0,"button_pd_lr":20,"button_mgb":0,"hidden_mobile":false,"button_icon_w_mb":0,"fsbutton_mb":10,"button_mh_mb":36,"button_pd_lr_mb":15,"button_ls_mb":0,"button_mgb_mb":0,"animation":"none","use_cus_css":false,"code_cus_css":""}}},"order":["featured_collection_JUfWYa"]}