{"sections":{"heading":{"type":"heading-template","disabled":true,"settings":{"use_specify_image":true,"parallax":false,"color":"#000000","overlay":54,"padding":50,"paddingmb":50,"mg_b":50,"mg_bmb":50,"content_align":"sr4-text-center","bg_pos":"center center","bg_repeat":"no-repeat","bg_size":"cover","use_cus_css":false,"code_cus_css":".SectionID {\nbackground-color:red\n}"}},"main":{"type":"main-page","disabled":true,"settings":{"layout":"sr4-container-wrap","cl_bg":"","cl_bg_gradient":"","mg":"60px,,60px,","pd":"","mg_tb":"","pd_tb":"","mg_mb":",,30px,","pd_mb":""}},"sidebar-page":{"type":"sidebar-page","blocks":{"f69681ed-b75e-42de-be58-fdf73b3b7e08":{"type":"blog_cate","settings":{"title":"Blog categories","cat_link_list":"","count":true}}},"block_order":["f69681ed-b75e-42de-be58-fdf73b3b7e08"],"disabled":true,"settings":{"enable_drawer":false,"space":50,"size":"medium","br_style":"none","brcolor":"#222222","sidebar_bdr":5,"sidebar_pd":10}},"policy_section_z9PCTV":{"type":"policy-section","blocks":{"bl_col_mfcpVV":{"type":"bl_col","settings":{"col_dk":"3","col_tb":"3","col_mb":"12","align_vertical":false,"content_align":"center","content_align_tablet":"center","content_align_mobile":"center","padding_inner":"45px,30px,45px,30px","padding_inner_tb":"15px,15px,15px,15px","padding_inner_mb":"","bg_cl":"#f9f8f4"}},"links_a3GrEr":{"type":"links","settings":{"menu":"policy","hidden_mobile":false,"font_size_dk":20,"font_weight_dk":400,"line_height_dk":24,"letter_spacing_dk":0,"font_color":"#7A7A7A","font_color_active":"#000000","font_color_hover":"#000000","border_color":"#DFDFDF","font_size_mb":22,"line_height_mb":24,"letter_spacing_mb":0}},"bl_col_w8FhnF":{"type":"bl_col","settings":{"col_dk":"9","col_tb":"8","col_mb":"12","align_vertical":false,"content_align":"start","content_align_tablet":"start","content_align_mobile":"start","padding_inner":"","padding_inner_tb":"","padding_inner_mb":"","bg_cl":"rgba(0,0,0,0)"}},"page_content_jqDteh":{"type":"page_content","settings":{"hidden_mobile":false}}},"block_order":["bl_col_mfcpVV","links_a3GrEr","bl_col_w8FhnF","page_content_jqDteh"],"settings":{"design_heading":"1","heading_align":"t4s-text-center","top_heading":"","icon_heading":"las la-gem","top_subheading":"","tophead_mb":30,"layout":"t4s-cus-width","custom_width":1000,"cl_bg":"","cl_bg_gradient":"","mg":"70px,,50px,","pd":"","mg_tb":"","pd_tb":"","mg_mb":"45px,,30px,","pd_mb":"","use_cus_css":true,"code_cus_css":"@media only screen and (min-width:1023px){\n  .SectionID .sr4-custom-col.sr4-col-item.sr4-col-lg-2.sr4-col-md-3.sr4-col-12.bl-bl_col_nchcrg {\n      width: 22% !important;\n  }\n  }\n  .SectionID .sr4-col-inner {\n      border-radius: 0px;\n  }\n  .SectionID .sr4-col-inner.sr4-ver-center-false.sr4-text-lg-start.sr4-text-md-start.sr4-text-start{\n       --bg-cl: transparent !important;\n  }\n@media (min-width: 1200px) {\n   .SectionID  .sr4-col-lg-3 {\n        flex: 0 0 auto;\n        width: 22% !important;\n    }\n}"}}},"order":["heading","main","sidebar-page","policy_section_z9PCTV"]}